id|name|brand|gender|season|size|price|photo|descriptionPath
0001|Holínky Demar zebra vel. 20 - 27|Demar|Uni|jaro,podzim|20/21, 22/23, 24/25, 26/27|220|demar/gumaky-klasik/0001.jpg|holinky.txt
0002|Holínky Demar jednorožci vel. 20 - 27|Demar|Dívčí|jaro,podzim|20/21, 22/23, 24/25, 26/27|220|demar/gumaky-klasik/0002.jpg|holinky.txt
0003|Holínky Demar černé květy vel. 20 - 27|Demar|Dívčí|jaro,podzim|20/21, 22/23, 24/25, 26/27|220|demar/gumaky-klasik/0003.jpg|holinky.txt
0004|Holínky Demar růžový poník vel. 20 - 27|Demar|Dívčí|jaro,podzim|20/21, 22/23, 24/25, 26/27|220|demar/gumaky-klasik/0004.jpg|holinky.txt
0005|Holínky Demar květy vel. 20 - 27|Demar|Chlapecká|jaro,podzim|20/21, 22/23, 24/25, 26/27|220|demar/gumaky-klasik/0005.jpg|holinky.txt
0006|Holínky Demar vesmír vel. 20 - 27|Demar|Chlapecká|jaro,podzim|20/21, 22/23, 24/25, 26/27|220|demar/gumaky-klasik/0006.jpg|holinky.txt
0007|Holínky Demar srdce vel. 20 - 27|Demar|Dívčí|jaro,podzim|20/21, 22/23, 24/25, 26/27|220|demar/gumaky-klasik/0007.jpg|holinky.txt
0008|Holínky Demar maskáč vel. 20 - 27|Demar|Chlapecká|jaro,podzim|20/21, 22/23, 24/25, 26/27|220|demar/gumaky-klasik/0008.jpg|holinky.txt
0009|Holínky Demar iron man vel. 20 - 27|Demar|Chlapecká|jaro,podzim|20/21, 22/23, 24/25, 26/27|220|demar/gumaky-klasik/0009.jpg|holinky.txt
0010|Holínky Demar srdíčka vel. 20 - 27|Demar|Dívčí|jaro,podzim|20/21, 22/23, 24/25, 26/27|220|demar/gumaky-klasik/0010.jpg|holinky.txt
0011|Holínky Demar pávy vel. 20 - 27|Demar|Dívčí|jaro,podzim|20/21, 22/23, 24/25, 26/27|220|demar/gumaky-klasik/0011.jpg|holinky.txt
0012|Holínky Demar kočka vel. 20 - 27|Demar|Uni|jaro,podzim|20/21, 22/23, 24/25, 26/27|220|demar/gumaky-klasik/0012.jpg|holinky.txt
0013|Holínky Demar krokodýl vel. 20 - 27|Demar|Chlapecká|jaro,podzim|20/21, 22/23, 24/25, 26/27|220|demar/gumaky-klasik/0013.jpg|holinky.txt
0014|Holínky Demar motorky vel. 20 - 27|Demar|Chlapecká|jaro,podzim|20/21, 22/23, 24/25, 26/27|220|demar/gumaky-klasik/0014.jpg|holinky.txt
0015|Holínky Demar auta vel. 20 - 27|Demar|Chlapecká|jaro,podzim|20/21, 22/23, 24/25, 26/27|220|demar/gumaky-klasik/0015.jpg|holinky.txt
0016|Holínky Demar červené vel. 20 - 27|Demar|Dívčí|jaro,podzim|20/21, 22/23, 24/25, 26/27|220|demar/gumaky-klasik/0016.jpg|holinky.txt
0017|Holínky Demar modré vel. 20 - 27|Demar|Chlapecká|jaro,podzim|20/21, 22/23, 24/25, 26/27|220|demar/gumaky-klasik/0017.jpg|holinky.txt
0018|Holínky Demar zebra vel. 28 - 35|Demar|Uni|jaro,podzim|28/29, 30/31, 32/33, 34/35|290|demar/gumaky-klasik/0001.jpg|holinky2.txt
0019|Holínky Demar jednorožci vel. 28 - 35|Demar|Dívčí|jaro,podzim|28/29, 30/31, 32/33, 34/35|290|demar/gumaky-klasik/0002.jpg|holinky2.txt
0020|Holínky Demar černé květy vel. 28 - 35|Demar|Dívčí|jaro,podzim|28/29, 30/31, 32/33, 34/35|290|demar/gumaky-klasik/0003.jpg|holinky2.txt
0021|Holínky Demar růžový poník vel. 28 - 35|Demar|Dívčí|jaro,podzim|28/29, 30/31, 32/33, 34/35|290|demar/gumaky-klasik/0004.jpg|holinky2.txt
0022|Holínky Demar květy vel. 28 - 35|Demar|Chlapecká|jaro,podzim|28/29, 30/31, 32/33, 34/35|290|demar/gumaky-klasik/0005.jpg|holinky2.txt
0023|Holínky Demar vesmír vel. 28 - 35|Demar|Chlapecká|jaro,podzim|28/29, 30/31, 32/33, 34/35|290|demar/gumaky-klasik/0006.jpg|holinky2.txt
0024|Holínky Demar srdce vel. 28 - 35|Demar|Dívčí|jaro,podzim|28/29, 30/31, 32/33, 34/35|290|demar/gumaky-klasik/0007.jpg|holinky2.txt
0025|Holínky Demar maskáč vel. 28 - 35|Demar|Chlapecká|jaro,podzim|28/29, 30/31, 32/33, 34/35|290|demar/gumaky-klasik/0008.jpg|holinky2.txt
0026|Holínky Demar iron man vel. 28 - 35|Demar|Chlapecká|jaro,podzim|28/29, 30/31, 32/33, 34/35|290|demar/gumaky-klasik/0009.jpg|holinky2.txt
0027|Holínky Demar srdíčka vel. 28 - 35|Demar|Dívčí|jaro,podzim|28/29, 30/31, 32/33, 34/35|290|demar/gumaky-klasik/0010.jpg|holinky2.txt
0028|Holínky Demar pávy vel. 28 - 35|Demar|Dívčí|jaro,podzim|28/29, 30/31, 32/33, 34/35|290|demar/gumaky-klasik/0011.jpg|holinky2.txt
0029|Holínky Demar kočka vel. 28 - 35|Demar|Uni|jaro,podzim|28/29, 30/31, 32/33, 34/35|290|demar/gumaky-klasik/0012.jpg|holinky2.txt
0030|Holínky Demar krokodýl vel. 28 - 35|Demar|Chlapecká|jaro,podzim|28/29, 30/31, 32/33, 34/35|290|demar/gumaky-klasik/0013.jpg|holinky2.txt
0031|Holínky Demar motorky vel. 28 - 35|Demar|Chlapecká|jaro,podzim|28/29, 30/31, 32/33, 34/35|345|demar/gumaky-klasik/0014.jpg|holinky2.txt
0032|Holínky Demar auta vel. 28 - 35|Demar|Chlapecká|jaro,podzim|28/29, 30/31, 32/33, 34/35|345|demar/gumaky-klasik/0015.jpg|holinky2.txt
0033|Holínky Demar červené vel. 28 - 35|Demar|Dívčí|jaro,podzim|28/29, 30/31, 32/33, 34/35|250|demar/gumaky-klasik/0016.jpg|holinky2.txt
0034|Holínky Demar modré vel. 28 - 35|Demar|Chlapecká|jaro,podzim|28/29, 30/31, 32/33, 34/35|250|demar/gumaky-klasik/0017.jpg|holinky2.txt
0035|Holínky Demar modré se zeleným zateplením LUX vel. 20 - 27|Demar|Chlapecká|jaro,podzim|20/21, 22/23, 24/25, 26/27|259|demar/gumaky-lux/0018.jpg|holinky_lux.txt
0036|Holínky Demar červené se zateplením LUX vel. 20 - 27|Demar|Dívčí|jaro,podzim|20/21, 22/23, 24/25, 26/27|259|demar/gumaky-lux/0019.jpg|holinky_lux.txt
0037|Holínky Demar šedé se zateplením LUX vel. 20 - 27|Demar|Chlapecká|jaro,podzim|20/21, 22/23, 24/25, 26/27|259|demar/gumaky-lux/0020.jpg|holinky_lux.txt
0038|Holínky Demar černé se zateplením LUX vel. 20 - 27|Demar|Dívčí|jaro,podzim|20/21, 22/23, 24/25, 26/27|259|demar/gumaky-lux/0021.jpg|holinky_lux.txt
0039|Holínky Demar růžové se zateplením LUX vel. 20 - 27|Demar|Dívčí|jaro,podzim|20/21, 22/23, 24/25, 26/27|259|demar/gumaky-lux/0022.jpg|holinky_lux.txt
0040|Holínky Demar modré se zateplením LUX vel. 20 - 27|Demar|Chlapecká|jaro,podzim|20/21, 22/23, 24/25, 26/27|259|demar/gumaky-lux/0023.jpg|holinky_lux.txt
0041|Holínky Demar modrá zebra LUX vel. 20 - 27|Demar|Chlapecká|jaro,podzim|20/21, 22/23, 24/25, 26/27|259|demar/gumaky-lux/0024.jpg|holinky_lux.txt
0042|Holínky Demar slon LUX vel. 20 - 27|Demar|Uni|jaro,podzim|20/21, 22/23, 24/25, 26/27|259|demar/gumaky-lux/0025.jpg|holinky_lux.txt
0043|Holínky Demar Iron Man LUX vel. 20 - 27|Demar|Chlapecká|jaro,podzim|20/21, 22/23, 24/25, 26/27|259|demar/gumaky-lux/0026.jpg|holinky_lux.txt
0044|Holínky Demar krokodýl LUX vel. 20 - 27|Demar|Chlapecká|jaro,podzim|20/21, 22/23, 24/25, 26/27|259|demar/gumaky-lux/0027.jpg|holinky_lux.txt
0045|Holínky Demar jednorožci LUX vel. 20 - 27|Demar|Dívčí|jaro,podzim|20/21, 22/23, 24/25, 26/27|259|demar/gumaky-lux/0028.jpg|holinky_lux.txt
0046|Holínky Demar malá srdíčka LUX vel. 20 - 27|Demar|Dívčí|jaro,podzim|20/21, 22/23, 24/25, 26/27|259|demar/gumaky-lux/0029.jpg|holinky_lux.txt
0047|Holínky Demar srdce LUX vel. 20 - 27|Demar|Dívčí|jaro,podzim|20/21, 22/23, 24/25, 26/27|259|demar/gumaky-lux/0030.jpg|holinky_lux.txt
0048|Holínky Demar pávy LUX vel. 20 - 27|Demar|Dívčí|jaro,podzim|20/21, 22/23, 24/25, 26/27|259|demar/gumaky-lux/0031.jpg|holinky_lux.txt
0049|Holínky Demar žirafa LUX vel. 20 - 27|Demar|Dívčí|jaro,podzim|20/21, 22/23, 24/25, 26/27|259|demar/gumaky-lux/0032.jpg|holinky_lux.txt
0050|Holínky Demar poník LUX vel. 20 - 27|Demar|Dívčí|jaro,podzim|20/21, 22/23, 24/25, 26/27|259|demar/gumaky-lux/0033.jpg|holinky_lux.txt
0051|Holínky Demar kočka LUX vel. 20 - 27|Demar|Uni|jaro,podzim|20/21, 22/23, 24/25, 26/27|259|demar/gumaky-lux/0034.jpg|holinky_lux.txt
0052|Holínky Demar maskáč LUX vel. 20 - 27|Demar|Chlapecká|jaro,podzim|20/21, 22/23, 24/25, 26/27|259|demar/gumaky-lux/0035.jpg|holinky_lux.txt
0053|Holínky Demar kačer LUX vel. 20 - 27|Demar|Chlapecká|jaro,podzim|20/21, 22/23, 24/25, 26/27|259|demar/gumaky-lux/0036.jpg|holinky_lux.txt
0054|Holínky Demar vesmír LUX vel. 20 - 27|Demar|Chlapecká|jaro,podzim|20/21, 22/23, 24/25, 26/27|259|demar/gumaky-lux/0037.jpg|holinky_lux.txt
0055|Holínky Demar zebra LUX vel. 20 - 27|Demar|Uni|jaro,podzim|20/21, 22/23, 24/25, 26/27|259|demar/gumaky-lux/0038.jpg|holinky_lux.txt
0056|Holínky Demar černé květy LUX vel. 20 - 27|Demar|Dívčí|jaro,podzim|20/21, 22/23, 24/25, 26/27|259|demar/gumaky-lux/0039.jpg|holinky_lux.txt
0057|Holínky Demar modré moře LUX vel. 20 - 27|Demar|Chlapecká|jaro,podzim|20/21, 22/23, 24/25, 26/27|259|demar/gumaky-lux/0040.jpg|holinky_lux.txt
0058|Holínky Demar modré se zeleným zateplením LUX vel. 28 - 35|Demar|Chlapecká|jaro,podzim|28/29, 30/31, 32/33, 34/35|320|demar/gumaky-lux/0018.jpg|holinky_lux2.txt
0059|Holínky Demar červené se zateplením LUX vel. 28 - 35|Demar|Dívčí|jaro,podzim|28/29, 30/31, 32/33, 34/35|320|demar/gumaky-lux/0019.jpg|holinky_lux2.txt
0060|Holínky Demar šedé se zateplením LUX vel. 28 - 35|Demar|Chlapecká|jaro,podzim|28/29, 30/31, 32/33, 34/35|320|demar/gumaky-lux/0020.jpg|holinky_lux2.txt
0061|Holínky Demar černé se zateplením LUX vel. 28 - 35|Demar|Dívčí|jaro,podzim|28/29, 30/31, 32/33, 34/35|320|demar/gumaky-lux/0021.jpg|holinky_lux2.txt
0062|Holínky Demar růžové se zateplením LUX vel. 28 - 35|Demar|Dívčí|jaro,podzim|28/29, 30/31, 32/33, 34/35|320|demar/gumaky-lux/0022.jpg|holinky_lux2.txt
0063|Holínky Demar modré se zateplením LUX vel. 28 - 35|Demar|Chlapecká|jaro,podzim|28/29, 30/31, 32/33, 34/35|320|demar/gumaky-lux/0023.jpg|holinky_lux2.txt
0064|Holínky Demar modrá zebra LUX vel. 28 - 35|Demar|Chlapecká|jaro,podzim|28/29, 30/31, 32/33, 34/35|320|demar/gumaky-lux/0024.jpg|holinky_lux2.txt
0065|Holínky Demar slon LUX vel. 28 - 35|Demar|Uni|jaro,podzim|28/29, 30/31, 32/33, 34/35|320|demar/gumaky-lux/0025.jpg|holinky_lux2.txt
0066|Holínky Demar Iron Man LUX vel. 28 - 35|Demar|Chlapecká|jaro,podzim|28/29, 30/31, 32/33, 34/35|320|demar/gumaky-lux/0026.jpg|holinky_lux2.txt
0067|Holínky Demar krokodýl LUX vel. 28 - 35|Demar|Chlapecká|jaro,podzim|28/29, 30/31, 32/33, 34/35|320|demar/gumaky-lux/0027.jpg|holinky_lux2.txt
0068|Holínky Demar jednorožci LUX vel. 28 - 35|Demar|Dívčí|jaro,podzim|28/29, 30/31, 32/33, 34/35|320|demar/gumaky-lux/0028.jpg|holinky_lux2.txt
0069|Holínky Demar malá srdíčka LUX vel. 28 - 35|Demar|Dívčí|jaro,podzim|28/29, 30/31, 32/33, 34/35|320|demar/gumaky-lux/0029.jpg|holinky_lux2.txt
0070|Holínky Demar srdce LUX vel. 28 - 35|Demar|Dívčí|jaro,podzim|28/29, 30/31, 32/33, 34/35|320|demar/gumaky-lux/0030.jpg|holinky_lux2.txt
0071|Holínky Demar pávy LUX vel. 28 - 35|Demar|Dívčí|jaro,podzim|28/29, 30/31, 32/33, 34/35|320|demar/gumaky-lux/0031.jpg|holinky_lux2.txt
0072|Holínky Demar žirafa LUX vel. 28 - 35|Demar|Dívčí|jaro,podzim|28/29, 30/31, 32/33, 34/35|320|demar/gumaky-lux/0032.jpg|holinky_lux2.txt
0073|Holínky Demar poník LUX vel. 28 - 35|Demar|Dívčí|jaro,podzim|28/29, 30/31, 32/33, 34/35|320|demar/gumaky-lux/0033.jpg|holinky_lux2.txt
0074|Holínky Demar kočka LUX vel. 28 - 35|Demar|Uni|jaro,podzim|28/29, 30/31, 32/33, 34/35|320|demar/gumaky-lux/0034.jpg|holinky_lux2.txt
0075|Holínky Demar maskáč LUX vel. 28 - 35|Demar|Chlapecká|jaro,podzim|28/29, 30/31, 32/33, 34/35|320|demar/gumaky-lux/0035.jpg|holinky_lux2.txt
0076|Holínky Demar kačer LUX vel. 28 - 35|Demar|Chlapecká|jaro,podzim|28/29, 30/31, 32/33, 34/35|320|demar/gumaky-lux/0036.jpg|holinky_lux2.txt
0077|Holínky Demar vesmír LUX vel. 28 - 35|Demar|Chlapecká|jaro,podzim|28/29, 30/31, 32/33, 34/35|320|demar/gumaky-lux/0037.jpg|holinky_lux2.txt
0078|Holínky Demar zebra LUX vel. 28 - 35|Demar|Uni|jaro,podzim|28/29, 30/31, 32/33, 34/35|320|demar/gumaky-lux/0038.jpg|holinky_lux2.txt
0079|Holínky Demar černé květy LUX vel. 28 - 35|Demar|Dívčí|jaro,podzim|28/29, 30/31, 32/33, 34/35|320|demar/gumaky-lux/0039.jpg|holinky_lux2.txt
0080|Holínky Demar modré moře LUX vel. 28 - 35|Demar|Chlapecká|jaro,podzim|28/29, 30/31, 32/33, 34/35|320|demar/gumaky-lux/0040.jpg|holinky_lux2.txt
0081|Holínky Demar Mammut růžové|Demar|Dívčí|zima, podzim, sněhule|22/23, 24/25, 26/27, 28/29, 30/31, 32/33, 34/35|345|demar/gumaky-mammut/0041.jpg
0082|Holínky Demar Mammut tmavě šedé|Demar|Chlapecká|zima, podzim, sněhule|22/23, 24/25, 26/27, 28/29, 30/31, 32/33, 34/35|345|demar/gumaky-mammut/0042.jpg
0083|Holínky Demar Mammut modré|Demar|Chlapecká|zima, podzim, sněhule|22/23, 24/25, 26/27, 28/29, 30/31, 32/33, 34/35|345|demar/gumaky-mammut/0043.jpg
0084|Holínky Demar Mammut stříbrné|Demar|Chlapecká|zima, podzim, sněhule|22/23, 24/25, 26/27, 28/29, 30/31, 32/33, 34/35|345|demar/gumaky-mammut/0044.jpg
0085|Holínky Demar Mammut modro-zelené|Demar|Chlapecká|zima, podzim, sněhule|22/23, 24/25, 26/27, 28/29, 30/31, 32/33, 34/35|345|demar/gumaky-mammut/0045.jpg
0086|Holínky Demar Mammut červené|Demar|Dívčí|zima, podzim, sněhule|22/23, 24/25, 26/27, 28/29, 30/31, 32/33, 34/35|345|demar/gumaky-mammut/0046.jpg
0087|Sněhule Demar červené šněrování|Demar|Dívčí|zima, sněhule|20/21, 22/23, 24/25, 26/27|429|demar/snehule/0047.jpg
0088|Sněhule Demar Doggy růžové AKCE|Demar|Dívčí|zima, sněhule|20/21, 22/23, 24/25, 26/27|399|demar/snehule/0048.jpg
0089|Sněhule Demar Doggy fialové AKCE|Demar|Uni|zima, sněhule|20/21, 22/23, 24/25, 26/27|399|demar/snehule/0049.jpg
0090|Sněhule Demar modré šněrování|Demar|Chlapecká|zima, sněhule|20/21, 22/23, 24/25, 26/27|429|demar/snehule/0050.jpg
0091|Sněhule Demar luxusní bílé|Demar|Dívčí|zima, sněhule|20/21, 22/23, 24/25, 26/27|459|demar/snehule/0051.jpg
0092|Sněhule Demar luxusní černé|Demar|Uni|zima, sněhule|20/21, 22/23, 24/25, 26/27, 28/29, 30/31, 32/33, 34/35|459|demar/snehule/0052.jpg
0093|Befado bačkory typ balerínky kočka 109P179|Befado|Dívčí|celoroční|18, 19, 20, 21, 22, 23, 24, 25|289|befado/backory/0053.jpg
0094|Befado černé baleríny 109P146|Befado|Dívčí|celoroční|18, 19, 20, 21, 22, 23, 24, 25, 26|289|befado/backory/0054.jpg
0095|Befado zlaté baleríny 109P152|Befado|Dívčí|celoroční|18, 19, 20, 21, 22, 23, 24, 25, 26|289|befado/backory/0055.jpg
0096|Befado růžové baleríny 109P212|Befado|Dívčí|celoroční|18, 19, 20, 21, 22, 23, 24, 25, 26|289|befado/backory/0056.jpg
0097|Befado baleríny modré motýlek 109P202|Befado|Dívčí|celoroční|18, 19, 20, 21, 22, 23, 24, 25, 26|289|befado/backory/0057.jpg
0098|Befado bačkory přezka kočička puntík 110P231|Befado|Dívčí|celoroční|25, 26|269|befado/backory/0058.jpg
0099|Befado bačkory přezka zajíček puntík 110P234|Befado|Dívčí|celoroční|25, 26|269|befado/backory/0059.jpg
0100|Befado bačkory přezka poník 110P328|Befado|Dívčí|celoroční|20, 21, 22, 23, 24, 25|269|befado/backory/0060.jpg
0101|Befado bačkory přezka růžová kočička 110P335|Befado|Dívčí|celoroční|20, 21, 22, 23, 24, 25|269|befado/backory/0061.jpg
0102|Befado bačkory přezka modrá kočička 110P348|Befado|Dívčí|celoroční|20, 21, 24, 25|289|befado/backory/0062.jpg
0103|Befado bačkory přezka růžový zajíček 110P374|Befado|Dívčí|celoroční|1, 22, 23, 24, 25, 26|269|befado/backory/0063.jpg
0104|Befado bačkory přezka sv. modrá kočička 110P365|Befado|Dívčí|celoroční|18, 19, 20, 21, 22, 23, 24, 25, 26|269|befado/backory/0064.jpg
0105|Befado bačkory přezka riflová kočička 110P378|Befado|Dívčí|celoroční|18, 21, 22, 23, 24, 25, 26|269|befado/backory/0065.jpg
0106|Befado bačkory přezka tm. modrý zajíček 110P379|Befado|Dívčí|celoroční|20, 21, 22, 23, 24, 25, 26|269|befado/backory/0066.jpg
0107|Befado baleríny růžová mašlička 114X361|Befado|Dívčí|celoroční|25, 26, 27, 30|299|befado/backory/0067.jpg
0108|Befado baleríny černé s mašličkou 114X240|Befado|Dívčí|celoroční|25, 26, 27, 28, 29, 30|299|befado/backory/0068.jpg
0109|Befado baleríny dortíky 114X390|Befado|Dívčí|celoroční|26, 27, 28, 29, 30|299|befado/backory/0069.jpg
0110|Befado baleríny květy 114X395|Befado|Dívčí|celoroční|27, 28|299|befado/backory/0070.jpg
0111|Befado baleríny petrolejové 114X434|Befado|Dívčí|celoroční|25, 26, 27, 28, 29, 30|299|befado/backory/0071.jpg
0112|Befado baleríny šedé 114Y370|Befado|Dívčí|celoroční|31, 32, 33, 34, 35, 36|319|befado/backory/0072.jpg
0113|Befado baleríny modrý plameňák 114Y400|Befado|Dívčí|celoroční|31, 32, 33, 34, 35, 36|319|befado/backory/0073.jpg
0114|Befado baleríny duhové 114Y350|Befado|Dívčí|celoroční|31, 32, 33, 34, 35, 36|319|befado/backory/0074.jpg
0115|Befado baleríny modré květy 114Y386|Befado|Dívčí|celoroční|31, 32, 33|319|befado/backory/0075.jpg
0116|Befado baleríny modré květy 114Y387 sv.|Befado|Dívčí|celoroční|31, 32, 33|319|befado/backory/0077.jpg
0117|Befado baleríny tmavě modré puntík 114Y317|Befado|Dívčí|celoroční|31, 32, 33, 34, 35, 36|319|befado/backory/0076.jpg
0118|Befado bačkory sandálky riflový zajíček|Befado|Dívčí|celoroční|23, 24, 25, 26|219|befado/backory/0078.jpg
0119|Befado bačkory sandálky pejsci|Befado|Dívčí|celoroční|20, 21, 22, 23, 24, 25, 26|219|befado/backory/0079.jpg
0120|Befado bačkory sandálky modrý zajíček|Befado|Dívčí|celoroční|21, 22, 23, 24, 25, 26|219|befado/backory/0080.jpg
0121|Befado bačkory sandálky riflový motýlek|Befado|Dívčí|celoroční|21, 22, 25, 26|219|befado/backory/0081.jpg
0122|Befado balerínky růžové mašlička květy|Befado|Dívčí|celoroční|20, 21, 22, 23, 24, 26|299|befado/backory/0082.jpg
0123|Befado bačkory plné růžová kočička|Befado|Dívčí|celoroční|20, 21, 22, 23, 24, 25, 26|219|befado/backory/0083.jpg
0124|D.D.Step zimní boty 066-806 royal blue|D.D.Step|Chlapecká|zima, barefoot|21, 22, 23, 24, 25|789|ddstep/zimni/0084.jpg
0125|D.D.Step zimní boty 066-806 grey|D.D.Step|Chlapecká|zima, barefoot|21, 22, 23, 24, 25|789|ddstep/zimni/0086.jpg
0126|D.D.Step zimní boty 066-806 khaki|D.D.Step|Chlapecká|zima, barefoot|21, 22, 23, 24, 25|789|ddstep/zimni/0085.jpg
0127|D.D.Step capáčky pejsek|D.D.Step|Chlapecká|celoroční, barefoot|0-6, 6-12|349|ddstep/celorocni/0086.jpg
0128|D.D.Step capáčky auto|D.D.Step|Chlapecká|celoroční, barefoot|0-6, 6-12|349|ddstep/celorocni/0087.jpg
0129|D.D.Step capáčky dortík světlý|D.D.Step|Dívčí|celoroční, barefoot|0-6, 6-12, 12-18|349|ddstep/celorocni/0088.jpg
0130|D.D.Step capáčky dortík tmavý|D.D.Step|Dívčí|celoroční, barefoot|0-6, 6-12, 12-18|349|ddstep/celorocni/0089.jpg
0131|D.D.Step celoroční F61-553B|D.D.Step|Dívčí|celoroční, barefoot|24, 25, 26, 27, 28, 29|799|ddstep/celorocni/0090.jpg
0132|D.D.Step celoroční 063-761C|D.D.Step|Dívčí|celoroční, barefoot|31, 32, 33, 34, 35, 36|799|ddstep/celorocni/0091.jpg
0133|D.D.Step celoroční 023-807A|D.D.Step|Dívčí|celoroční, barefoot|32|799|ddstep/celorocni/0092.jpg
0134|Demar sněhule Ride-2 modré|Demar|Chlapecká|sněhule, zimní|20/21, 22/23, 24/25, 26/27, 28/29|365|demar/snehule/0093.jpg
0135|Demar sněhule Ride-2 červené|Demar|Dívčí|sněhule, zimní|20/21, 22/23, 24/25, 26/27, 28/29|365|demar/snehule/0094.jpg
0136|Demar sněhule Frosty modré|Demar|Chlapecká|sněhule, zimní|24/25, 26/27, 28/29, 30/31, 32/33, 34/35|299|demar/snehule/0095.jpg
0137|Demar sněhule Frosty červené|Demar|Dívčí|sněhule, zimní|24/25, 26/27, 28/29, 30/31, 32/33, 34/35|299|demar/snehule/0096.jpg
0138|Demar sněhule Graphite černé|Demar|Dívčí|sněhule, zimní|25/26, 27/28, 29/30, 31/32, 33/34, 35|605|demar/snehule/0097.jpg
0139|Demar sněhule Nordic červené|Demar|Dívčí|sněhule, zimní|25/26|425|demar/snehule/0098.jpg
0140|Demar sněhule Kenny růžové tučňák|Demar|Dívčí|sněhule, zimní|20/21, 22/23, 24/25, 26/27, 28/29|460|demar/snehule/0099.jpg
0141|Demar sněhule Kenny 2 růžové|Demar|Dívčí|sněhule, zimní|30/31, 32/33, 34/35|499|demar/snehule/0100.jpg
0142|Demar sněhule Kenny modré tučňák|Demar|Chlapecká|sněhule, zimní|20/21, 22/23, 24/25, 26/27, 28/29|460|demar/snehule/0101.jpg
0143|Demar sněhule Kenny 2 modré|Demar|Chlapecká|sněhule, zimní|30/31, 32/33, 34/35|499|demar/snehule/0102.jpg
0144|Sněhule Demar Doggy modré AKCE|Demar|Chlapecká|zima, sněhule|20/21, 22/23, 24/25, 26/27, 28/29|399|demar/snehule/0103.jpg
0145|Sněhule Demar Little Lamb|Demar|Dívčí|zima, sněhule|20/21, 22/23, 24/25, 26/27, 28/29|399|demar/snehule/0104.jpg
0146|Sněhule Demar modré zateplené|Demar|Chlapecká|zima, sněhule|36/37, 38/39|349|demar/snehule/0105.jpg
0147|D.D.Step celoroční had svítící|D.D.Step|Dívčí|celoroční|34|759|ddstep/celorocni/0106.jpg
0148|D.D.Step celoroční mašle svítící|D.D.Step|Dívčí|celoroční|36|759|ddstep/celorocni/0107.jpg
0149|Befado 110P307 vrtulník bačkory|Befado|Chlapecká|celoroční, bačkory|20, 21, 25, 26|240|befado/backory/0108.jpg
0150|Befado 110P342 autíčko modré bačkory|Befado|Chlapecká|celoroční, bačkory|18, 19, 21, 22, 23, 24, 25, 26|265|befado/backory/0109.jpg
0151|Befado 110P347 traktor modré bačkory|Befado|Chlapecká|celoroční, bačkory|18, 19, 20, 21, 22, 23, 24, 25, 26|265|befado/backory/0110.jpg
0152|Befado 110P369 supercar modré bačkory|Befado|Chlapecká|celoroční, bačkory|18, 19, 20, 21, 22, 23, 24, 25, 26|265|befado/backory/0111.jpg
0153|Befado 110P384 hasiči modré bačkory|Befado|Chlapecká|celoroční, bačkory|18, 19, 20, 21, 22, 23, 24, 25, 26|295|befado/backory/0112.jpg
0154|Befado 110P392 letadlo modré bačkory|Befado|Chlapecká|celoroční, bačkory|18, 19, 20, 21, 22, 23, 24, 25, 26|295|befado/backory/0113.jpg
0155|Befado 110P385 míchačka modré bačkory|Befado|Chlapecká|celoroční, bačkory|18, 19, 20, 21, 22, 23, 24, 25, 26|295|befado/backory/0114.jpg
0156|Befado 110P390 pes modré bačkory|Befado|Chlapecká|celoroční, bačkory|18, 19, 20, 21, 22, 23, 24, 25, 26|295|befado/backory/0115.jpg
0157|Befado 110P404 letadlo bačkory|Befado|Chlapecká|celoroční, bačkory|18, 19, 20, 21, 22, 23, 24, 25, 26|295|befado/backory/0116.jpg
0158|Befado 110P405 auta bačkory|Befado|Chlapecká|celoroční, bačkory|18, 19, 20, 21, 22, 23, 24, 25, 26|295|befado/backory/0117.jpg
0159|Befado 190P101 formule bačkory|Befado|Chlapecká|celoroční, bačkory|18, 19, 20, 21, 22, 23, 24, 25, 26|315|befado/backory/0118.jpg
0160|Befado 217P082 volant bačkory|Befado|Chlapecká|celoroční, bačkory|18, 19, 20, 21, 22, 23, 24, 25, 26|285|befado/backory/0119.jpg
0161|Befado 217P103 robot bačkory|Befado|Chlapecká|celoroční, bačkory|18, 19, 20, 21, 22, 23, 24, 25, 26|285|befado/backory/0120.jpg
0162|Befado 217P107 happycar bačkory|Befado|Chlapecká|celoroční, bačkory|18, 19, 20, 21, 22, 23, 24, 25, 26|285|befado/backory/0121.jpg
0163|Befado 273X306 motorka bačkory|Befado|Chlapecká|celoroční, bačkory|26, 27, 28, 29, 30|315|befado/backory/0122.jpg
0164|Befado 273X308 terén bačkory|Befado|Chlapecká|celoroční, bačkory|25, 26, 27, 28, 29, 30|315|befado/backory/0123.jpg
0165|Befado 290X142 fotbal bačkory|Befado|Chlapecká|celoroční, bačkory|25, 26, 27, 28, 29, 30|315|befado/backory/0124.jpg
0166|Befado 290X182 helma bačkory|Befado|Chlapecká|celoroční, bačkory|25, 26, 27, 28|315|befado/backory/0125.jpg
0167|Befado 290X188 let. bačkory|Befado|Chlapecká|celoroční, bačkory|25, 26, 27, 28|315|befado/backory/0126.jpg
0168|Befado 290X193 supercar bačkory|Befado|Chlapecká|celoroční, bačkory|25, 26, 27, 28, 29, 30|295|befado/backory/0127.jpg
0169|Befado 290X194 lego bačkory|Befado|Chlapecká|celoroční, bačkory|25, 26, 27, 28, 29, 30|295|befado/backory/0128.jpg
0170|Befado 290X196 car zelené bačkory|Befado|Chlapecká|celoroční, bačkory|25, 26, 27, 28, 29, 30|295|befado/backory/0129.jpg
0171|Befado 290X204 robot bačkory|Befado|Chlapecká|celoroční, bačkory|25, 26, 27, 28, 29, 30|295|befado/backory/0130.jpg
0172|Befado 290X206 fotbal bačkory|Befado|Chlapecká|celoroční, bačkory|25, 26, 27, 28, 29, 30|295|befado/backory/0131.jpg
0173|Befado 290X211 supermoto bačkory|Befado|Chlapecká|celoroční, bačkory|25, 26, 27, 28, 29, 30|295|befado/backory/0132.jpg
0174|Befado 707X291 auta pantofle|Befado|Chlapecká|celoroční, bačkory|27, 28, 29, 30|235|befado/backory/0133.jpg
0175|Befado 707X306 míč pantofle|Befado|Chlapecká|celoroční, bačkory|27, 28, 29, 30|235|befado/backory/0134.jpg
0176|Befado 707X384 dinosaur pantofle|Befado|Chlapecká|celoroční, bačkory|25, 26, 27, 28, 29, 30|235|befado/backory/0135.jpg
0177|Befado 273Y291 míč bačkory|Befado|Chlapecká|celoroční, bačkory|31, 32, 33, 34, 35, 36|345|befado/backory/0136.jpg
0178|Befado 273Y292 fotbal bačkory|Befado|Chlapecká|celoroční, bačkory|31, 32, 33, 34, 35, 36|345|befado/backory/0137.jpg
0179|Befado 273Y294 helma bačkory|Befado|Chlapecká|celoroční, bačkory|31, 32, 33, 34, 35, 36|325|befado/backory/0138.jpg
0180|Befado 273Y306 motocross bačkory|Befado|Chlapecká|celoroční, bačkory|31, 32, 33, 34, 35, 36|325|befado/backory/0139.jpg
0181|Befado 290Y211 helmamoto bačkory|Befado|Chlapecká|celoroční, bačkory|31, 32, 33, 34, 35, 36|325|befado/backory/0140.jpg
0182|Befado 290Y200 wow bačkory|Befado|Chlapecká|celoroční, bačkory|31, 32, 33, 34, 35, 36|325|befado/backory/0141.jpg
0183|Befado 707Y402 šipky pantofle|Befado|Chlapecká|celoroční, bačkory|31, 32, 33, 34, 35, 36|265|befado/backory/0142.jpg
0184|Befado 707Y412 fotbal pantofle|Befado|Chlapecká|celoroční, bačkory|31, 32, 33, 34, 35, 36|265|befado/backory/0143.jpg
0185|Befado 201Q091 noviny pantofle|Befado|Chlapecká|celoroční, bačkory|37, 38, 39|265|befado/backory/0144.jpg
0186|Befado 110P360 jednorožec bačkory|Befado|Dívčí|celoroční, bačkory|20, 21, 22, 23, 24, 25, 26|295|befado/backory/0145.jpg
0187|Befado 110P358 jorkšír bačkory|Befado|Dívčí|celoroční, bačkory|20, 21, 22, 23, 24, 25, 26|295|befado/backory/0146.jpg
0188|Befado 110P394 liška bačkory|Befado|Dívčí|celoroční, bačkory|18, 19, 20, 21, 22, 23, 24, 25, 26|295|befado/backory/0147.jpg
0189|Befado 110P394 mýval bačkory|Befado|Dívčí|celoroční, bačkory|18, 19, 20, 21, 22, 23, 24, 25, 26|295|befado/backory/0148.jpg
0190|Befado 190P092 srdíčka bačkory|Befado|Dívčí|celoroční, bačkory|18, 19, 20, 21, 22, 23, 24, 25, 26|315|befado/backory/0149.jpg
0191|Befado 190P092 květy bačkory|Befado|Dívčí|celoroční, bačkory|18, 19, 20, 21, 22, 23, 24, 25, 26|315|befado/backory/0150.jpg
0192|Befado 523P016 jednorožec šedý bačkory|Befado|Dívčí|celoroční, bačkory|18, 19, 20, 21, 22, 23, 24, 25, 26|315|befado/backory/0151.jpg
0193|Befado 114X392 jednorožci bačkory|Befado|Dívčí|celoroční, bačkory|26, 27, 28, 29|325|befado/backory/0152.jpg
0194|Befado 114X416 lamy bačkory|Befado|Dívčí|celoroční, bačkory|25, 26, 27, 28, 29, 30|325|befado/backory/0153.jpg
0195|Befado 114X415 pejsci bačkory|Befado|Dívčí|celoroční, bačkory|25, 26, 27, 28, 29, 30|325|befado/backory/0154.jpg
0196|Befado 114X414 tm. mod. jednorožec bačkory|Befado|Dívčí|celoroční, bačkory|25, 26, 27, 28, 29, 30|325|befado/backory/0155.jpg
0197|Befado 116X281 medvídci bačkory|Befado|Dívčí|celoroční, bačkory|25, 26, 27, 28, 29, 30|325|befado/backory/0156.jpg
0198|Befado 116X280 dino bačkory|Befado|Dívčí|celoroční, bačkory|25, 26, 27, 28, 29, 30|325|befado/backory/0157.jpg
0199|Befado 560X118 růž. jedn. bačkory|Befado|Dívčí|celoroční, bačkory|27, 28, 29, 30|325|befado/backory/0158.jpg
0200|Befado 707X371 kočička pantofle|Befado|Dívčí|celoroční, bačkory|26, 27, 28|255|befado/backory/0159.jpg
0201|Befado 708X003 vybarvovací pantofle|Befado|Dívčí|celoroční, bačkory|26, 27, 28|295|befado/backory/0160.jpg
